month,revenue,mom_growth,units_sold,orders,average_order_value,units_per_order
2010-12,823746.14,,359239,1559,528.3811033,230.4291212
2011-01,691364.56,-0.1607067682,387785,1086,636.6156169,357.0764273
2011-02,523631.89,-0.2426110329,283555,1100,476.0289909,257.7772727
2011-03,717639.36,0.3705035421,377526,1454,493.5621458,259.6464924
2011-04,537808.621,-0.2505865049,308815,1246,431.6281067,247.8451043
2011-05,770536.02,0.4327327416,395738,1681,458.3795479,235.4182035
2011-06,761739.9,-0.01141558574,389213,1533,496.8949119,253.8897586
2011-07,719221.191,-0.05581788351,401759,1475,487.6075871,272.3789831
2011-08,759138.38,0.05550057409,421770,1361,557.779853,309.8971345
2011-09,1058590.172,0.3944627223,570820,1837,576.2603005,310.7348938
2011-10,1154979.3,0.09105424417,623401,2040,566.1663235,305.5887255
2011-11,1509496.33,0.3069466526,754507,2769,545.1413254,272.4835681
2011-12,638772.28,,,,,
