product,revenue,units_sold
REGENCY CAKESTAND 3 TIER,174484.74,13879
"PAPER CRAFT , LITTLE BIRDIE",168469.6,80995
WHITE HANGING HEART T-LIGHT HOLDER,106292.77,37891
PARTY BUNTING,99504.33,18295
JUMBO BAG RED RETROSPOT,94340.05,48474
MEDIUM CERAMIC TOP STORAGE JAR,81700.92,78033
RABBIT NIGHT LIGHT,66964.99,30788
PAPER CHAIN KIT 50'S CHRISTMAS,64952.29,19355
ASSORTED COLOUR BIRD ORNAMENT,59094.93,36461
CHILLI LIGHTS,54117.76,10306
SPOTTY BUNTING,42548.13,8327
JUMBO BAG PINK POLKADOT,42436.24,21465
